{
  "heel_point": [
    0.0,
    0.0,
    26.0
  ],
  "toe_point": [
    287.6,
    -4.999999999999998,
    9.999999999999998
  ],
  "stick_length_mm": 287.6,
  "functional_length_mm": 273.5,
  "feather_outline_xy": [
    [
      0.6,
      -1.928
    ],
    [
      2.401,
      -6.993
    ],
    [
      4.203,
      -10.366
    ],
    [
      6.004,
      -13.03
    ],
    [
      7.805,
      -15.168
    ],
    [
      9.606,
      -16.917
    ],
    [
      11.408,
      -18.476
    ],
    [
      13.209,
      -19.877
    ],
    [
      15.01,
      -21.133
    ],
    [
      16.811,
      -22.253
    ],
    [
      18.613,
      -23.249
    ],
    [
      20.414,
      -24.132
    ],
    [
      22.215,
      -24.948
    ],
    [
      24.016,
      -25.717
    ],
    [
      25.818,
      -26.432
    ],
    [
      27.619,
      -27.091
    ],
    [
      29.42,
      -27.688
    ],
    [
      31.221,
      -28.218
    ],
    [
      33.023,
      -28.677
    ],
    [
      34.824,
      -29.062
    ],
    [
      36.625,
      -29.414
    ],
    [
      38.426,
      -29.751
    ],
    [
      40.228,
      -30.066
    ],
    [
      42.029,
      -30.349
    ],
    [
      43.83,
      -30.593
    ],
    [
      45.631,
      -30.79
    ],
    [
      47.433,
      -30.932
    ],
    [
      49.234,
      -31.011
    ],
    [
      51.035,
      -31.062
    ],
    [
      52.836,
      -31.106
    ],
    [
      54.638,
      -31.144
    ],
    [
      56.439,
      -31.177
    ],
    [
      58.24,
      -31.205
    ],
    [
      60.042,
      -31.229
    ],
    [
      61.843,
      -31.251
    ],
    [
      63.644,
      -31.27
    ],
    [
      65.445,
      -31.288
    ],
    [
      67.247,
      -31.305
    ],
    [
      69.048,
      -31.323
    ],
    [
      70.849,
      -31.342
    ],
    [
      72.65,
      -31.363
    ],
    [
      74.452,
      -31.387
    ],
    [
      76.253,
      -31.415
    ],
    [
      78.054,
      -31.447
    ],
    [
      79.855,
      -31.484
    ],
    [
      81.657,
      -31.528
    ],
    [
      83.458,
      -31.579
    ],
    [
      85.259,
      -31.636
    ],
    [
      87.06,
      -31.699
    ],
    [
      88.862,
      -31.768
    ],
    [
      90.663,
      -31.842
    ],
    [
      92.464,
      -31.921
    ],
    [
      94.265,
      -32.005
    ],
    [
      96.067,
      -32.094
    ],
    [
      97.868,
      -32.186
    ],
    [
      99.669,
      -32.283
    ],
    [
      101.47,
      -32.382
    ],
    [
      103.272,
      -32.485
    ],
    [
      105.073,
      -32.592
    ],
    [
      106.874,
      -32.707
    ],
    [
      108.675,
      -32.831
    ],
    [
      110.477,
      -32.963
    ],
    [
      112.278,
      -33.103
    ],
    [
      114.079,
      -33.251
    ],
    [
      115.881,
      -33.408
    ],
    [
      117.682,
      -33.578
    ],
    [
      119.483,
      -33.761
    ],
    [
      121.284,
      -33.958
    ],
    [
      123.086,
      -34.167
    ],
    [
      124.887,
      -34.389
    ],
    [
      126.688,
      -34.623
    ],
    [
      128.489,
      -34.877
    ],
    [
      130.291,
      -35.155
    ],
    [
      132.092,
      -35.456
    ],
    [
      133.893,
      -35.777
    ],
    [
      135.694,
      -36.116
    ],
    [
      137.496,
      -36.473
    ],
    [
      139.297,
      -36.844
    ],
    [
      141.098,
      -37.229
    ],
    [
      142.899,
      -37.624
    ],
    [
      144.701,
      -38.028
    ],
    [
      146.502,
      -38.44
    ],
    [
      148.303,
      -38.857
    ],
    [
      150.104,
      -39.279
    ],
    [
      151.906,
      -39.736
    ],
    [
      153.707,
      -40.229
    ],
    [
      155.508,
      -40.75
    ],
    [
      157.309,
      -41.291
    ],
    [
      159.111,
      -41.844
    ],
    [
      160.912,
      -42.4
    ],
    [
      162.713,
      -42.951
    ],
    [
      164.514,
      -43.488
    ],
    [
      166.316,
      -44.003
    ],
    [
      168.117,
      -44.488
    ],
    [
      169.918,
      -44.934
    ],
    [
      171.719,
      -45.332
    ],
    [
      173.521,
      -45.688
    ],
    [
      175.322,
      -46.054
    ],
    [
      177.123,
      -46.424
    ],
    [
      178.925,
      -46.783
    ],
    [
      180.726,
      -47.116
    ],
    [
      182.527,
      -47.406
    ],
    [
      184.328,
      -47.638
    ],
    [
      186.13,
      -47.796
    ],
    [
      187.931,
      -47.865
    ],
    [
      189.732,
      -47.823
    ],
    [
      191.533,
      -47.648
    ],
    [
      193.335,
      -47.359
    ],
    [
      195.136,
      -46.976
    ],
    [
      196.937,
      -46.52
    ],
    [
      198.738,
      -46.014
    ],
    [
      200.54,
      -45.476
    ],
    [
      202.341,
      -44.931
    ],
    [
      204.142,
      -44.397
    ],
    [
      205.943,
      -43.897
    ],
    [
      207.745,
      -43.446
    ],
    [
      209.546,
      -43.005
    ],
    [
      211.347,
      -42.56
    ],
    [
      213.148,
      -42.112
    ],
    [
      214.95,
      -41.663
    ],
    [
      216.751,
      -41.212
    ],
    [
      218.552,
      -40.758
    ],
    [
      220.353,
      -40.301
    ],
    [
      222.155,
      -39.841
    ],
    [
      223.956,
      -39.379
    ],
    [
      225.757,
      -38.914
    ],
    [
      227.558,
      -38.448
    ],
    [
      229.36,
      -37.98
    ],
    [
      231.161,
      -37.51
    ],
    [
      232.962,
      -37.033
    ],
    [
      234.764,
      -36.549
    ],
    [
      236.565,
      -36.061
    ],
    [
      238.366,
      -35.569
    ],
    [
      240.167,
      -35.074
    ],
    [
      241.969,
      -34.579
    ],
    [
      243.77,
      -34.085
    ],
    [
      245.571,
      -33.592
    ],
    [
      247.372,
      -33.103
    ],
    [
      249.174,
      -32.634
    ],
    [
      250.975,
      -32.187
    ],
    [
      252.776,
      -31.741
    ],
    [
      254.577,
      -31.277
    ],
    [
      256.379,
      -30.775
    ],
    [
      258.18,
      -30.215
    ],
    [
      259.981,
      -29.589
    ],
    [
      261.782,
      -28.933
    ],
    [
      263.584,
      -28.245
    ],
    [
      265.385,
      -27.519
    ],
    [
      267.186,
      -26.75
    ],
    [
      268.987,
      -25.933
    ],
    [
      270.789,
      -25.061
    ],
    [
      272.59,
      -24.13
    ],
    [
      274.391,
      -23.132
    ],
    [
      276.192,
      -22.022
    ],
    [
      277.994,
      -20.724
    ],
    [
      279.795,
      -19.158
    ],
    [
      281.596,
      -17.246
    ],
    [
      283.397,
      -14.608
    ],
    [
      285.199,
      -10.92
    ],
    [
      287.0,
      -6.545
    ],
    [
      287.0,
      -3.692
    ],
    [
      285.199,
      0.116
    ],
    [
      283.397,
      3.67
    ],
    [
      281.596,
      6.878
    ],
    [
      279.795,
      9.645
    ],
    [
      277.994,
      11.932
    ],
    [
      276.192,
      13.974
    ],
    [
      274.391,
      15.824
    ],
    [
      272.59,
      17.5
    ],
    [
      270.789,
      19.018
    ],
    [
      268.987,
      20.397
    ],
    [
      267.186,
      21.654
    ],
    [
      265.385,
      22.799
    ],
    [
      263.584,
      23.838
    ],
    [
      261.782,
      24.781
    ],
    [
      259.981,
      25.636
    ],
    [
      258.18,
      26.416
    ],
    [
      256.379,
      27.155
    ],
    [
      254.577,
      27.874
    ],
    [
      252.776,
      28.584
    ],
    [
      250.975,
      29.263
    ],
    [
      249.174,
      29.905
    ],
    [
      247.372,
      30.518
    ],
    [
      245.571,
      31.11
    ],
    [
      243.77,
      31.69
    ],
    [
      241.969,
      32.266
    ],
    [
      240.167,
      32.847
    ],
    [
      238.366,
      33.439
    ],
    [
      236.565,
